congress,chamber,icpsr,state_icpsr,district_code,state_abbrev,party_code,occupancy,last_means,bioname,bioguide_id,born,died,nominate_dim1,nominate_dim2,nominate_log_likelihood,nominate_geo_mean_probability,nominate_number_of_votes,nominate_number_of_errors,conditional,nokken_poole_dim1,nokken_poole_dim2
112,President,99911,99,0,USA,100,0,0,"OBAMA, Barack",O000167,1961,,-0.358,-0.197,-50.85915,0.83,273,21,,,
112,House,20300,41,1,AL,200,0,1,"BONNER, Jr., Josiah Robins (Jo)",B001244,1959,,0.367,0.513,-146.62502,0.9,1390,57,,0.31,0.506
112,House,20301,41,3,AL,200,0,1,"ROGERS, Mike Dennis",R000575,1958,,0.362,0.462,-158.70775,0.89453,1424,67,,0.291,0.659
112,House,21102,41,7,AL,100,0,1,"SEWELL, Terri",S001185,1965,,-0.394,0.397,-259.16976,0.83045,1395,97,,-0.364,0.329
112,House,21192,41,2,AL,200,0,1,"ROBY, Martha",R000591,1976,,0.362,0.658,-149.44841,0.9005,1426,61,,0.36,0.59
112,House,21193,41,5,AL,200,0,1,"BROOKS, Mo",B001274,1954,,0.652,-0.417,-244.96145,0.84247,1429,100,,0.564,-0.142
112,House,29301,41,6,AL,200,0,1,"BACHUS, Spencer T., III",B000013,1947,,0.387,0.228,-182.54918,0.876,1382,78,,0.339,0.342
112,House,29701,41,4,AL,200,0,1,"ADERHOLT, Robert",A000055,1965,,0.384,0.57,-184.39351,0.87846,1423,85,,0.327,0.601
112,House,14066,81,1,AK,200,0,1,"YOUNG, Donald Edwin",Y000033,1933,,0.283,0.022,-370.59878,0.7476,1274,154,,0.338,-0.052
112,House,20100,61,6,AZ,200,0,1,"FLAKE, Jeff",F000444,1962,,0.855,-0.518,-192.73056,0.8707,1392,71,,0.913,-0.408
112,House,20304,61,2,AZ,200,0,1,"FRANKS, Trent",F000448,1957,,0.749,0.087,-198.19888,0.86938,1416,83,,0.689,0.002
112,House,20305,61,7,AZ,100,0,1,"GRIJALVA, Raúl M.",G000551,1948,,-0.598,-0.251,-171.05573,0.88397,1387,69,,-0.655,-0.113
112,House,20701,61,8,AZ,100,1,1,"GIFFORDS, Gabrielle",G000554,1970,,-0.11,0.076,,,,,,-0.542,0.841
112,House,21103,61,1,AZ,200,0,1,"GOSAR, Paul",G000565,1958,,0.698,-0.478,-303.19504,0.80224,1376,113,,0.507,-0.069
112,House,21104,61,3,AZ,200,0,1,"QUAYLE, Ben",Q000024,1976,,0.712,0.222,-154.5331,0.893,1371,74,,0.705,0.179
112,House,21105,61,5,AZ,200,0,1,"SCHWEIKERT, David",S001183,1962,,0.573,-0.288,-189.47757,0.87533,1423,70,,0.644,-0.256
112,House,21199,61,8,AZ,100,2,2,"BARBER, Ron",B001279,1945,,-0.123,0.001,-73.55459,0.727,231,26,,-0.3,0.226
112,House,29101,61,4,AZ,100,0,1,"PASTOR, Ed",P000099,1943,2018.0,-0.421,0.12,-300.85852,0.808,1412,152,,-0.475,0.267
112,House,20102,42,4,AR,100,0,1,"ROSS, Michael Avery",R000573,1961,,-0.201,0.89,-422.32622,0.738,1387,192,,-0.114,0.722
112,House,21106,42,1,AR,200,0,1,"CRAWFORD, Rick",C001087,1966,,0.444,0.43,-153.6719,0.89777,1425,74,,0.322,0.604
112,House,21107,42,2,AR,200,0,1,"GRIFFIN, Tim",G000567,1968,,0.41,0.421,-162.76919,0.892,1423,74,,0.424,0.292
112,House,21108,42,3,AR,200,0,1,"WOMACK, Steve",W000809,1957,,0.352,0.587,-127.68521,0.91481,1434,54,,0.308,0.574
112,House,14053,71,13,CA,100,0,1,"STARK, Fortney Hillman (Pete), Jr.",S000810,1931,2020.0,-0.631,-0.605,-160.84025,0.888,1354,69,,-0.587,-0.596
112,House,14256,71,7,CA,100,0,1,"MILLER, George",M000725,1945,,-0.552,-0.398,-201.30439,0.864,1377,90,,-0.458,-0.425
112,House,14280,71,30,CA,100,0,1,"WAXMAN, Henry Arnold",W000215,1939,,-0.473,-0.343,-174.19722,0.883,1401,66,,-0.428,-0.216
112,House,14644,71,41,CA,200,0,1,"LEWIS, Charles Jeremy (Jerry)",L000274,1934,2021.0,0.348,-0.101,-186.97801,0.861,1246,66,,0.295,0.271
112,House,14647,71,3,CA,200,0,1,"LUNGREN, Daniel Edward",L000517,1946,,0.497,-0.054,-260.3908,0.833,1424,122,,0.355,0.267
112,House,14813,71,26,CA,200,0,1,"DREIER, David Timothy",D000492,1952,,0.478,-0.084,-248.0076,0.839,1417,112,,0.345,0.267
112,House,15005,71,28,CA,100,0,1,"BERMAN, Howard Lawrence",B000410,1941,,-0.404,-0.286,-217.35245,0.851,1352,92,,-0.368,-0.087
112,House,15413,71,24,CA,200,0,1,"GALLEGLY, Elton W.",G000021,1944,,0.402,-0.1,-194.95235,0.864,1333,74,,0.367,0.204
112,House,15420,71,2,CA,200,0,1,"HERGER, Walter William (Wally)",H000528,1945,,0.551,0.117,-136.48577,0.905,1374,52,,0.572,0.274
112,House,15448,71,8,CA,100,0,1,"PELOSI, Nancy",P000197,1940,,-0.49,-0.203,-160.23436,0.88666,1332,71,,-0.439,-0.05
112,House,15621,71,46,CA,200,0,1,"ROHRABACHER, Dana",R000409,1947,,0.626,-0.417,-294.46089,0.81129,1408,126,,0.631,-0.475
112,House,20103,71,15,CA,100,0,1,"HONDA, Mike",H001034,1941,,-0.529,-0.482,-158.77275,0.89,1361,66,,-0.529,-0.514
112,House,20104,71,29,CA,100,0,1,"SCHIFF, Adam",S001150,1960,,-0.35,-0.133,-189.32089,0.87608,1431,72,,-0.343,-0.057
112,House,20107,71,49,CA,200,0,1,"ISSA, Darrell",I000056,1953,,0.491,-0.03,-160.0082,0.89229,1404,51,,0.53,0.171
112,House,20108,71,53,CA,100,0,1,"DAVIS, Susan A.",D000598,1944,,-0.343,-0.103,-197.4213,0.87037,1422,78,,-0.346,-0.048
112,House,20306,71,18,CA,100,0,1,"CARDOZA, Dennis A.",C001050,1959,,-0.262,0.609,-479.67818,0.651,1119,236,,-0.227,0.541
112,House,20307,71,21,CA,200,0,1,"NUNES, Devin",N000181,1973,,0.45,0.223,-164.02602,0.8904,1413,72,,0.463,0.323
112,House,20310,71,39,CA,100,0,1,"SÁNCHEZ, Linda T.",S001156,1969,,-0.508,-0.139,-161.43199,0.88594,1333,64,,-0.485,-0.255
112,House,20501,71,20,CA,100,0,1,"COSTA, Jim",C001059,1952,,-0.193,0.457,-612.98737,0.63947,1371,301,,-0.172,0.518
112,House,20538,71,5,CA,100,0,1,"MATSUI, Doris",M001163,1944,,-0.435,-0.156,-172.09865,0.88646,1428,78,,-0.424,-0.228
112,House,20539,71,48,CA,200,0,1,"CAMPBELL, John (of California)",C001064,1955,,0.748,-0.415,-297.99902,0.799,1331,138,,0.919,-0.395
112,House,20702,71,11,CA,100,0,1,"McNERNEY, Jerry",M001166,1951,,-0.263,-0.159,-263.70222,0.83063,1421,97,,-0.319,0.014
112,House,20703,71,22,CA,200,0,1,"MCCARTHY, Kevin",M001165,1965,,0.457,0.221,-132.81402,0.90974,1404,47,,0.471,0.34
112,House,20752,71,37,CA,100,0,1,"RICHARDSON, Laura",R000581,1962,,-0.339,-0.022,-319.85278,0.795,1398,135,,-0.301,-0.091
112,House,20762,71,12,CA,100,0,1,"SPEIER, Karen Lorraine Jacqueline (Jackie)",S001175,1950,,-0.381,-0.41,-219.52274,0.8444,1298,78,,-0.341,-0.42
112,House,20903,71,4,CA,200,0,1,"McCLINTOCK, Tom",M001177,1956,,0.688,-0.411,-300.95351,0.81033,1431,123,,0.919,-0.395
112,House,20955,71,32,CA,100,2,2,"CHU, Judy",C001080,1953,,-0.489,-0.373,-150.20099,0.89758,1390,60,,-0.506,-0.32
112,House,20958,71,10,CA,100,2,2,"GARAMENDI, John",G000559,1945,,-0.308,-0.099,-289.3159,0.809,1365,122,,-0.346,-0.142
112,House,20963,71,52,CA,200,0,1,"HUNTER, Duncan Duane",H001048,1976,,0.539,0.085,-187.34515,0.87648,1421,80,,0.588,0.281
112,House,21109,71,19,CA,200,0,1,"DENHAM, Jeff",D000612,1967,,0.306,0.212,-216.83402,0.85699,1405,94,,0.408,0.19
112,House,21110,71,33,CA,100,0,1,"BASS, Karen",B001270,1953,,-0.584,-0.098,-143.74098,0.89675,1319,59,,-0.524,-0.206
112,House,21195,71,36,CA,100,2,2,"HAHN, Janice",H001063,1952,,-0.39,-0.376,-85.76862,0.9,812,34,,-0.43,-0.229
112,House,29106,71,35,CA,100,0,1,"WATERS, Maxine",W000187,1938,,-0.656,-0.075,-213.19855,0.85127,1324,90,,-0.506,-0.221
112,House,29309,71,6,CA,100,0,1,"WOOLSEY, Lynn C.",W000738,1937,,-0.556,-0.529,-147.85223,0.899,1385,66,,-0.56,-0.675
112,House,29312,71,14,CA,100,0,1,"ESHOO, Anna Georges",E000215,1942,,-0.38,-0.408,-202.79921,0.86306,1377,91,,-0.336,-0.457
112,House,29313,71,17,CA,100,0,1,"FARR, Sam",F000030,1941,,-0.455,-0.219,-202.03084,0.866,1406,71,,-0.402,-0.417
112,House,29315,71,25,CA,200,0,1,"McKEON, Howard P. (Buck)",M000508,1938,,0.396,0.208,-163.3949,0.889,1388,67,,0.329,0.395
112,House,29316,71,31,CA,100,0,1,"BECERRA, Xavier",B000287,1958,,-0.512,-0.283,-141.09089,0.90321,1386,62,,-0.491,-0.286
112,House,29317,71,34,CA,100,0,1,"ROYBAL-ALLARD, Lucille",R000486,1941,,-0.469,-0.171,-137.71534,0.90606,1396,53,,-0.452,-0.189
112,House,29318,71,36,CA,100,1,1,"HARMAN, Jane L.",H000213,1945,,-0.262,-0.12,-22.52676,0.767,85,6,,-0.329,0.025
112,House,29321,71,40,CA,200,0,1,"ROYCE, Edward Randall",R000487,1951,,0.657,-0.353,-206.89856,0.86477,1424,92,,0.655,-0.406
112,House,29323,71,44,CA,200,0,1,"CALVERT, Ken",C000059,1953,,0.348,0.231,-144.12744,0.90316,1415,54,,0.315,0.491
112,House,29325,71,51,CA,100,0,1,"FILNER, Bob",F000116,1942,,-0.652,0.002,-100.65144,0.903,988,42,,-0.752,-0.158
112,House,29504,71,16,CA,100,0,1,"LOFGREN, Zoe",L000397,1947,,-0.4,-0.433,-253.2173,0.83247,1381,97,,-0.347,-0.46
112,House,29508,71,50,CA,200,0,1,"BILBRAY, Brian P.",B000461,1951,,0.392,-0.376,-383.20407,0.758,1384,164,,0.322,-0.172
112,House,29707,71,27,CA,100,0,1,"SHERMAN, Brad",S000344,1954,,-0.343,-0.145,-196.35721,0.87111,1423,73,,-0.345,-0.165
112,House,29709,71,47,CA,100,0,1,"SANCHEZ, Loretta",S000030,1960,,-0.367,0.025,-226.8276,0.841,1307,104,,-0.372,-0.104
112,House,29774,71,23,CA,100,0,1,"CAPPS, Lois",C001036,1938,,-0.389,-0.227,-148.65195,0.9,1418,65,,-0.392,-0.163
112,House,29775,71,45,CA,200,0,1,"BONO, Mary",B001228,1961,,0.353,-0.218,-272.49942,0.821,1385,118,,0.411,-0.146
112,House,29778,71,9,CA,100,0,1,"LEE, Barbara",L000551,1946,,-0.679,-0.576,-148.89379,0.89737,1375,72,,-0.72,-0.488
112,House,29901,71,1,CA,100,0,1,"THOMPSON, Michael",T000460,1951,,-0.393,0.067,-272.44702,0.82609,1426,147,,-0.395,-0.062
112,House,29903,71,38,CA,100,0,1,"NAPOLITANO, Grace Flores",N000179,1936,,-0.448,-0.247,-140.77373,0.89789,1307,63,,-0.529,-0.25
112,House,29905,71,42,CA,200,0,1,"MILLER, Gary G.",M001139,1948,,0.478,0.222,-166.02919,0.883,1338,74,,0.5,0.224
112,House,29942,71,43,CA,100,0,1,"BACA, Joe",B001234,1947,,-0.349,0.292,-241.24846,0.835,1340,85,,-0.383,0.303
112,House,20704,62,5,CO,200,0,1,"LAMBORN, Doug",L000564,1954,,0.667,0.223,-135.58671,0.90769,1400,48,,0.701,0.312
112,House,20705,62,7,CO,100,0,1,"PERLMUTTER, Ed",P000593,1953,,-0.282,0.072,-441.54145,0.73098,1409,184,,-0.261,0.137
112,House,20904,62,2,CO,100,0,1,"POLIS, Jared",P000598,1975,,-0.278,-0.692,-373.9184,0.75283,1317,141,,-0.256,-0.607
112,House,20906,62,6,CO,200,0,1,"COFFMAN, Mike",C001077,1955,,0.492,-0.213,-287.52548,0.81717,1424,131,,0.486,-0.154
112,House,21111,62,3,CO,200,0,1,"TIPTON, Scott",T000470,1956,,0.451,-0.023,-296.35918,0.81294,1431,134,,0.411,-0.035
112,House,21112,62,4,CO,200,0,1,"GARDNER, Cory",G000562,1974,,0.444,-0.029,-237.81915,0.84519,1414,108,,0.508,0.092
112,House,29710,62,1,CO,100,0,1,"DeGETTE, Diana",D000197,1957,,-0.431,-0.306,-156.01255,0.89553,1414,58,,-0.406,-0.288
112,House,20706,1,2,CT,100,0,1,"COURTNEY, Joe",C001069,1953,,-0.343,0.022,-226.01666,0.85305,1422,97,,-0.372,0.13
112,House,20707,1,5,CT,100,0,1,"MURPHY, Christopher",M001169,1973,,-0.271,-0.198,-248.29256,0.83544,1381,100,,-0.275,-0.279
112,House,20907,1,4,CT,100,0,1,"HIMES, James A.",H001047,1966,,-0.239,-0.234,-339.13462,0.78821,1425,143,,-0.252,-0.238
112,House,29109,1,3,CT,100,0,1,"DeLAURO, Rosa L.",D000216,1943,,-0.415,-0.117,-156.63765,0.8959,1425,61,,-0.449,-0.024
112,House,29908,1,1,CT,100,0,1,"LARSON, John B.",L000557,1948,,-0.397,-0.048,-195.37912,0.86682,1367,80,,-0.425,0.002
112,House,21113,11,1,DE,100,0,1,"CARNEY, John C., Jr.",C001083,1956,,-0.256,-0.142,-337.76583,0.788,1421,134,,-0.22,-0.189
112,House,13047,43,10,FL,200,0,1,"YOUNG, Charles William (Bill)",Y000031,1930,2013.0,0.325,-0.112,-314.83026,0.787,1316,131,,0.318,-0.157
112,House,15627,43,6,FL,200,0,1,"STEARNS, Clifford Bundy",S000822,1941,,0.554,-0.075,-233.35025,0.849,1424,99,,0.623,-0.343
112,House,15634,43,18,FL,200,0,1,"ROS-LEHTINEN, Ileana",R000435,1952,,0.244,-0.225,-295.47327,0.81131,1413,105,,0.219,0.095
112,House,20110,43,1,FL,200,0,1,"MILLER, Jefferson B. (Jeff)",M001144,1959,,0.633,0.155,-188.74901,0.873,1393,75,,0.659,-0.087
112,House,20111,43,4,FL,200,0,1,"CRENSHAW, Ander",C001045,1944,,0.333,0.337,-165.98683,0.89,1424,70,,0.297,0.544
112,House,20316,43,21,FL,200,0,1,"DIAZ-BALART, Mario",D000600,1961,,0.284,0.129,-211.64171,0.85579,1359,75,,0.224,0.257
112,House,20503,43,14,FL,200,0,1,"MACK, Connie, IV",M001155,1967,,0.601,-0.16,-168.18734,0.872,1225,62,,0.694,-0.257
112,House,20504,43,20,FL,100,0,1,"WASSERMAN SCHULTZ, Debbie",W000797,1966,,-0.42,0.08,-169.1018,0.88194,1346,59,,-0.422,0.096
112,House,20708,43,11,FL,100,0,1,"CASTOR, Kathy",C001066,1966,,-0.438,0.054,-195.99284,0.8657,1359,88,,-0.393,0.007
112,House,20709,43,13,FL,200,0,1,"BUCHANAN, Vernon G.",B001260,1951,,0.363,-0.107,-263.99513,0.82903,1408,101,,0.409,-0.277
112,House,20758,43,9,FL,200,0,1,"BILIRAKIS, Gus",B001257,1963,,0.408,0.016,-199.38643,0.8661,1387,71,,0.401,0.024
112,House,20909,43,15,FL,200,0,1,"POSEY, Bill",P000599,1947,,0.526,-0.337,-263.4448,0.83142,1427,116,,0.55,-0.222
112,House,20910,43,16,FL,200,0,1,"ROONEY, Thomas J.",R000583,1970,,0.458,0.013,-234.82061,0.84798,1424,102,,0.526,0.082
112,House,20959,43,19,FL,100,2,2,"DEUTCH, Theodore E. (Ted)",D000610,1966,,-0.401,-0.078,-165.48622,0.88598,1367,70,,-0.444,-0.041
112,House,21114,43,2,FL,200,0,1,"SOUTHERLAND, Steve",S001186,1965,,0.56,0.063,-199.73375,0.87,1431,94,,0.588,-0.069
112,House,21115,43,5,FL,200,0,1,"NUGENT, Richard",N000185,1951,,0.483,0.077,-200.55318,0.869,1424,87,,0.516,0.029
112,House,21116,43,8,FL,200,0,1,"WEBSTER, Daniel A.",W000806,1949,,0.527,-0.099,-250.01522,0.83825,1417,99,,0.465,-0.005
112,House,21117,43,12,FL,200,0,1,"ROSS, Dennis",R000593,1959,,0.531,0.099,-174.68567,0.88409,1418,69,,0.6,0.031
112,House,21118,43,17,FL,100,0,1,"WILSON, Frederica",W000808,1942,,-0.479,-0.011,-159.59525,0.88514,1308,66,,-0.472,0.012
112,House,21119,43,22,FL,200,0,1,"WEST, Allen",W000807,1961,,0.451,0.043,-249.34459,0.84,1430,111,,0.452,-0.051
112,House,21120,43,24,FL,200,0,1,"ADAMS, Sandra (Sandy)",A000366,1956,,0.577,0.043,-188.15606,0.877,1434,87,,0.57,-0.075
112,House,21121,43,25,FL,200,0,1,"RIVERA, David",R000590,1965,,0.257,0.349,-159.86694,0.893,1414,52,,0.254,0.367
112,House,29328,43,3,FL,100,0,1,"BROWN, Corrine",B000911,1946,,-0.429,0.192,-217.51885,0.853,1369,78,,-0.447,0.268
112,House,29331,43,7,FL,200,0,1,"MICA, John L.",M000689,1943,,0.453,0.137,-183.17067,0.879,1426,89,,0.503,0.127
112,House,29337,43,23,FL,100,0,1,"HASTINGS, Alcee Lamar",H000324,1936,2021.0,-0.564,0.157,-210.14044,0.86226,1418,88,,-0.51,0.08
112,House,15431,44,5,GA,100,0,1,"LEWIS, John R.",L000287,1940,2020.0,-0.589,-0.221,-152.649,0.89353,1356,72,,-0.552,-0.257
112,House,20319,44,11,GA,200,0,1,"GINGREY, Phil",G000550,1942,,0.561,0.272,-189.47756,0.87,1364,76,,0.575,0.039
112,House,20321,44,13,GA,100,0,1,"SCOTT, David",S001157,1945,,-0.304,0.163,-276.20181,0.82188,1408,98,,-0.351,0.132
112,House,20505,44,6,GA,200,0,1,"PRICE, Tom",P000591,1954,,0.644,-0.073,-160.33757,0.89393,1430,62,,0.652,-0.051
112,House,20506,44,3,GA,200,0,1,"WESTMORELAND, Lynn A.",W000796,1950,,0.672,0.189,-171.81261,0.886,1417,73,,0.655,0.102
112,House,20507,44,12,GA,100,0,1,"BARROW, John",B001252,1955,,-0.119,0.46,-578.55384,0.668,1432,257,,-0.184,0.681
112,House,20712,44,4,GA,100,0,1,"JOHNSON, Hank",J000288,1954,,-0.47,-0.006,-183.24226,0.87429,1364,81,,-0.486,0.072
112,House,20753,44,10,GA,200,0,1,"BROUN, Paul C., Jr.",B001262,1946,,0.913,-0.408,-192.64579,0.87,1378,85,,0.903,-0.328
112,House,20962,44,9,GA,200,0,1,"GRAVES, Tom",G000560,1970,,0.716,-0.002,-170.88658,0.88707,1426,74,,0.856,-0.234
112,House,21122,44,7,GA,200,0,1,"WOODALL, Rob",W000810,1970,,0.593,-0.173,-265.08819,0.82971,1420,110,,0.687,-0.274
112,House,21123,44,8,GA,200,0,1,"SCOTT, Austin",S001189,1969,,0.56,0.226,-181.52888,0.87968,1416,69,,0.605,0.098
112,House,29338,44,1,GA,200,0,1,"KINGSTON, Jack",K000220,1955,,0.54,0.302,-273.24294,0.825,1423,114,,0.552,0.11
112,House,29339,44,2,GA,100,0,1,"BISHOP, Sanford Dixon, Jr.",B000490,1947,,-0.284,0.455,-384.84739,0.75587,1375,176,,-0.282,0.564
112,House,20713,82,2,HI,100,0,1,"HIRONO, Mazie",H001042,1947,,-0.512,-0.087,-153.23048,0.88592,1265,60,,-0.48,-0.091
112,House,21124,82,1,HI,100,0,1,"HANABUSA, Colleen",H001050,1951,,-0.37,0.004,-199.88775,0.86895,1423,80,,-0.388,0.044
112,House,21125,63,1,ID,200,0,1,"LABRADOR, Raúl R.",L000573,1967,,0.735,-0.571,-234.09711,0.84314,1372,106,,0.707,-0.442
112,House,29910,63,2,ID,200,0,1,"SIMPSON, Michael K.",S001148,1950,,0.301,0.288,-215.84809,0.85898,1420,79,,0.266,0.27
112,House,15453,21,12,IL,100,0,1,"COSTELLO, Jerry Francis",C000794,1949,,-0.317,0.657,-517.30164,0.681,1348,231,,-0.302,0.506
112,House,20116,21,15,IL,200,0,1,"JOHNSON, Timothy V.",J000285,1946,2022.0,0.264,-0.52,-596.89026,0.644,1357,287,,0.398,-0.851
112,House,20508,21,3,IL,100,0,1,"LIPINSKI, Daniel",L000563,1966,,-0.227,0.176,-458.62819,0.72283,1413,193,,-0.231,0.154
112,House,20715,21,6,IL,200,0,1,"ROSKAM, Peter",R000580,1961,,0.429,0.018,-187.28112,0.87554,1409,74,,0.404,0.153
112,House,20914,21,18,IL,200,0,1,"SCHOCK, Aaron",S001179,1981,,0.311,0.185,-221.02747,0.852,1375,97,,0.281,0.249
112,House,20954,21,5,IL,100,0,1,"QUIGLEY, Mike",Q000023,1958,,-0.322,-0.264,-249.04149,0.83903,1419,95,,-0.304,-0.488
112,House,21126,21,8,IL,200,0,1,"WALSH, Joe",W000811,1961,,0.708,-0.707,-246.91471,0.837,1390,103,,0.74,-0.636
112,House,21127,21,10,IL,200,0,1,"DOLD, Robert",D000613,1969,,0.2,-0.199,-441.31963,0.732,1416,183,,0.212,-0.254
112,House,21128,21,11,IL,200,0,1,"KINZINGER, Adam",K000378,1978,,0.234,0.382,-250.15834,0.83764,1412,98,,0.295,0.254
112,House,21129,21,14,IL,200,0,1,"HULTGREN, Randy",H001059,1966,,0.49,-0.034,-223.5623,0.85527,1430,96,,0.483,-0.106
112,House,21130,21,17,IL,200,0,1,"SCHILLING, Bobby",S001182,1964,2021.0,0.364,0.009,-293.24931,0.812,1411,138,,0.369,-0.041
112,House,29346,21,1,IL,100,0,1,"RUSH, Bobby L.",R000515,1946,,-0.479,-0.203,-201.72613,0.85586,1296,87,,-0.559,-0.046
112,House,29348,21,4,IL,100,0,1,"GUTIÉRREZ, Luis V.",G000535,1953,,-0.487,-0.26,-205.45777,0.85484,1310,70,,-0.449,-0.434
112,House,29349,21,16,IL,200,0,1,"MANZULLO, Donald A.",M001138,1944,,0.51,0.0,-242.3032,0.837,1362,95,,0.535,-0.143
112,House,29585,21,2,IL,100,0,1,"JACKSON, Jesse L., Jr.",J000283,1965,,-0.538,-0.513,-118.4706,0.898,1096,54,,-0.582,-0.345
112,House,29717,21,7,IL,100,0,1,"DAVIS, Danny K.",D000096,1941,,-0.487,-0.265,-209.05289,0.85575,1342,83,,-0.503,-0.121
112,House,29718,21,19,IL,200,0,1,"SHIMKUS, John M.",S000364,1958,,0.375,0.154,-237.50276,0.84366,1397,108,,0.303,0.287
112,House,29911,21,9,IL,100,0,1,"SCHAKOWSKY, Janice D.",S001145,1944,,-0.604,-0.271,-162.50363,0.89122,1411,74,,-0.655,-0.074
112,House,29912,21,13,IL,200,0,1,"BIGGERT, Judy Borg",B001232,1937,,0.323,-0.372,-345.20194,0.784,1422,139,,0.238,-0.055
112,House,15014,22,5,IN,200,0,1,"BURTON, Danny Lee",B001149,1938,,0.585,-0.026,-190.79715,0.864,1309,65,,0.616,-0.141
112,House,15124,22,1,IN,100,0,1,"VISCLOSKY, Peter",V000108,1949,,-0.402,0.244,-372.91304,0.7644,1388,180,,-0.396,0.258
112,House,20117,22,6,IN,200,0,1,"PENCE, Mike",P000587,1959,,0.655,0.088,-125.08277,0.911,1341,50,,0.621,0.181
112,House,20717,22,2,IN,100,0,1,"DONNELLY, Joe",D000607,1955,,-0.119,0.435,-510.67428,0.68921,1372,243,,-0.178,0.563
112,House,20757,22,7,IN,100,0,1,"CARSON, André",C001072,1974,,-0.427,0.052,-261.93357,0.82563,1367,106,,-0.411,0.078
112,House,21100,22,3,IN,200,0,1,"STUTZMAN, Marlin",S001188,1976,,0.742,-0.119,-160.42843,0.892,1400,67,,0.752,-0.113
112,House,21131,22,4,IN,200,0,1,"ROKITA, Todd",R000592,1970,,0.602,-0.16,-157.86907,0.89146,1374,65,,0.63,-0.071
112,House,21132,22,8,IN,200,0,1,"BUCSHON, Larry",B001275,1962,,0.408,0.27,-142.01861,0.90527,1427,56,,0.399,0.271
112,House,21133,22,9,IN,200,0,1,"YOUNG, Todd",Y000064,1972,,0.453,-0.053,-190.42489,0.87483,1424,78,,0.543,0.075
112,House,20325,31,5,IA,200,0,1,"KING, Steve",K000362,1949,,0.613,0.171,-304.40356,0.80345,1391,105,,0.511,0.224
112,House,20719,31,1,IA,100,0,1,"BRALEY, Bruce",B001259,1957,,-0.31,-0.205,-232.61418,0.842,1357,90,,-0.317,-0.303
112,House,20720,31,2,IA,100,0,1,"LOEBSACK, Dave",L000565,1952,,-0.276,-0.027,-313.94538,0.80001,1407,136,,-0.276,0.007
112,House,29522,31,4,IA,200,0,1,"LATHAM, Thomas",L000111,1948,,0.302,0.308,-252.0941,0.838,1425,102,,0.25,0.338
112,House,29721,31,3,IA,100,0,1,"BOSWELL, Leonard L.",B000652,1934,2018.0,-0.238,0.289,-478.95433,0.714,1424,219,,-0.252,0.271
112,House,20915,32,2,KS,200,0,1,"JENKINS, Lynn",J000290,1963,,0.523,0.004,-156.7322,0.89416,1401,70,,0.558,0.142
112,House,21134,32,1,KS,200,0,1,"HUELSKAMP, Tim",H001057,1968,,0.744,-0.466,-244.9664,0.843,1431,104,,0.708,-0.285
112,House,21135,32,3,KS,200,0,1,"YODER, Kevin",Y000063,1976,,0.558,0.03,-198.90028,0.87006,1429,96,,0.59,0.022
112,House,21136,32,4,KS,200,0,1,"POMPEO, Mike",P000602,1963,,0.66,0.164,-120.11222,0.91938,1429,44,,0.689,0.171
112,House,14854,51,5,KY,200,0,1,"ROGERS, Harold Dallas (Hal)",R000395,1937,,0.338,0.122,-170.13625,0.88709,1420,67,,0.287,0.601
112,House,20326,51,6,KY,100,0,1,"CHANDLER, A. B. (Ben)",C001058,1959,,-0.232,0.516,-470.2733,0.716,1407,236,,-0.2,0.434
112,House,20511,51,4,KY,200,1,1,"DAVIS, Geoffrey C. (Geoff)",D000603,1958,,0.398,0.412,-200.34493,0.86,1324,85,,0.337,0.243
112,House,20723,51,3,KY,100,0,1,"YARMUTH, John",Y000062,1947,,-0.378,-0.275,-159.48906,0.89145,1388,61,,-0.396,-0.214
112,House,20916,51,2,KY,200,0,1,"GUTHRIE, Brett",G000558,1964,,0.42,0.29,-153.78756,0.89763,1424,55,,0.394,0.188
112,House,29525,51,1,KY,200,0,1,"WHITFIELD, Wayne Edward (Ed)",W000413,1943,,0.303,0.182,-213.52618,0.858,1398,84,,0.312,0.125
112,House,31102,51,4,KY,200,2,2,"MASSIE, Thomas",M001184,1971,,0.68,-0.733,-13.35495,0.63096,29,8,,0.879,-0.477
112,House,20514,45,7,LA,200,0,1,"BOUSTANY, Charles W.",B001255,1956,,0.392,0.308,-194.27829,0.871,1407,81,,0.471,0.207
112,House,20759,45,1,LA,200,0,1,"SCALISE, Steve",S001176,1965,,0.556,0.167,-159.25614,0.89377,1418,54,,0.593,0.174
112,House,20918,45,4,LA,200,0,1,"FLEMING, John",F000456,1951,,0.59,0.022,-153.34173,0.898,1426,57,,0.621,0.101
112,House,20919,45,6,LA,200,0,1,"CASSIDY, Bill",C001075,1957,,0.47,-0.068,-226.34948,0.85101,1403,92,,0.455,-0.022
112,House,21137,45,2,LA,100,0,1,"RICHMOND, Cedric",R000588,1973,,-0.486,0.332,-284.38181,0.81438,1385,117,,-0.469,0.299
112,House,21138,45,3,LA,200,0,1,"LANDRY, Jeff",L000574,1970,,0.614,-0.112,-201.59879,0.861,1348,88,,0.61,-0.171
112,House,90327,45,5,LA,200,0,1,"ALEXANDER, Rodney",A000361,1946,,0.331,0.408,-156.77595,0.894,1400,69,,0.29,0.364
112,House,20328,2,2,ME,100,0,1,"MICHAUD, Michael H.",M001149,1955,,-0.283,-0.071,-403.33004,0.754,1426,173,,-0.236,-0.187
112,House,20920,2,1,ME,100,0,1,"PINGREE, Chellie",P000597,1955,,-0.42,-0.372,-177.56022,0.8804,1394,70,,-0.434,-0.377
112,House,14873,52,5,MD,100,0,1,"HOYER, Steny Hamilton",H000874,1939,,-0.381,0.119,-219.38573,0.85262,1376,85,,-0.41,0.152
112,House,20329,52,2,MD,100,0,1,"RUPPERSBERGER, C. A. (Dutch)",R000576,1946,,-0.296,0.13,-291.26073,0.80948,1378,104,,-0.311,0.163
112,House,20330,52,8,MD,100,0,1,"VAN HOLLEN, Christopher",V000128,1959,,-0.391,-0.209,-175.88832,0.88249,1407,74,,-0.39,-0.081
112,House,20724,52,3,MD,100,0,1,"SARBANES, John",S001168,1962,,-0.467,-0.073,-168.14927,0.88884,1427,92,,-0.476,-0.053
112,House,20763,52,4,MD,100,0,1,"EDWARDS, Donna F.",E000290,1958,,-0.562,-0.294,-172.40265,0.886,1418,74,,-0.56,-0.256
112,House,21139,52,1,MD,200,0,1,"HARRIS, Andy",H001052,1957,,0.674,-0.397,-433.11587,0.73775,1424,160,,0.534,-0.383
112,House,29356,52,6,MD,200,0,1,"BARTLETT, Roscoe Gardner",B000208,1926,,0.493,-0.091,-390.64968,0.757,1404,149,,0.424,-0.287
112,House,29587,52,7,MD,100,0,1,"CUMMINGS, Elijah Eugene",C000984,1951,2019.0,-0.438,-0.148,-186.52182,0.87593,1408,84,,-0.495,-0.057
112,House,14435,3,7,MA,100,0,1,"MARKEY, Edward John",M000133,1946,,-0.514,-0.46,-139.22477,0.90508,1396,63,,-0.535,-0.399
112,House,14824,3,4,MA,100,0,1,"FRANK, Barney",F000339,1940,,-0.499,-0.534,-224.92067,0.85,1382,73,,-0.407,-0.532
112,House,15616,3,2,MA,100,0,1,"NEAL, Richard Edmund",N000015,1949,,-0.417,-0.107,-145.2857,0.89637,1328,56,,-0.438,-0.257
112,House,20119,3,9,MA,100,0,1,"LYNCH, Stephen F.",L000562,1955,,-0.349,0.037,-330.69844,0.79054,1407,146,,-0.339,-0.056
112,House,20754,3,5,MA,100,0,1,"TSONGAS, Nicola S. (Niki)",T000465,1946,,-0.396,-0.199,-183.33596,0.87517,1375,79,,-0.353,-0.214
112,House,21140,3,10,MA,100,0,1,"KEATING, William R.",K000375,1952,,-0.331,-0.117,-236.80815,0.84449,1401,117,,-0.345,-0.238
112,House,29123,3,1,MA,100,0,1,"OLVER, John Walter",O000085,1936,,-0.577,-0.207,-147.69865,0.892,1295,63,,-0.601,-0.257
112,House,29729,3,3,MA,100,0,1,"McGOVERN, James P.",M000312,1959,,-0.538,-0.31,-144.24236,0.9038,1426,73,,-0.507,-0.464
112,House,29730,3,6,MA,100,0,1,"TIERNEY, John F.",T000266,1951,,-0.488,-0.433,-165.07451,0.889,1402,71,,-0.455,-0.363
112,House,29919,3,8,MA,100,0,1,"CAPUANO, Michael Everett",C001037,1952,,-0.58,-0.082,-178.18955,0.88065,1402,87,,-0.562,-0.251
112,House,2605,23,15,MI,100,0,1,"DINGELL, John David, Jr.",D000355,1926,2019.0,-0.448,0.313,-249.71431,0.835,1384,113,,-0.431,0.313
112,House,10713,23,14,MI,100,0,1,"CONYERS, John, Jr.",C000714,1929,2019.0,-0.658,-0.512,-201.91859,0.86231,1363,81,,-0.569,-0.424
112,House,14430,23,5,MI,100,0,1,"KILDEE, Dale Edward",K000172,1929,2021.0,-0.385,0.011,-202.06503,0.868,1423,64,,-0.466,0.194
112,House,15033,23,12,MI,100,0,1,"LEVIN, Sander Martin",L000263,1931,,-0.379,-0.091,-176.43372,0.884,1431,67,,-0.388,0.015
112,House,15446,23,6,MI,200,0,1,"UPTON, Frederick Stephen",U000031,1953,,0.32,-0.355,-295.94787,0.81352,1434,104,,0.408,-0.272
112,House,20120,23,8,MI,200,0,1,"ROGERS, Mike",R000572,1963,,0.4,0.098,-170.54424,0.887,1418,64,,0.426,0.223
112,House,20331,23,10,MI,200,0,1,"MILLER, Candice S.",M001150,1954,,0.343,-0.001,-282.56851,0.821,1432,121,,0.435,-0.232
112,House,20332,23,11,MI,200,1,1,"McCOTTER, Thaddeus George",M001147,1965,,0.335,0.012,-255.47863,0.809,1206,113,,0.36,0.003
112,House,20725,23,7,MI,200,0,1,"WALBERG, Tim",W000798,1951,,0.509,0.108,-202.05733,0.86754,1422,85,,0.569,-0.042
112,House,20923,23,9,MI,100,0,1,"PETERS, Gary C.",P000595,1958,,-0.246,-0.185,-377.87338,0.76122,1385,164,,-0.271,-0.264
112,House,21141,23,1,MI,200,0,1,"BENISHEK, Dan",B001271,1952,2021.0,0.491,-0.15,-274.7757,0.825,1426,131,,0.592,-0.367
112,House,21142,23,2,MI,200,0,1,"HUIZENGA, Bill",H001058,1969,,0.553,-0.012,-204.86197,0.86468,1409,91,,0.651,-0.229
112,House,21143,23,3,MI,200,0,1,"AMASH, Justin",A000367,1980,,0.654,-0.757,-442.64186,0.72794,1394,216,,0.821,-0.571
112,House,21145,23,13,MI,100,0,1,"CLARKE, Hansen",C001085,1957,,-0.478,-0.192,-153.9563,0.898,1424,66,,-0.469,-0.221
112,House,29124,23,4,MI,200,0,1,"CAMP, David Lee",C000071,1953,,0.385,-0.048,-202.67203,0.867,1421,77,,0.393,0.001
112,House,31100,23,11,MI,100,2,2,"CURSON, David Alan",C001089,1948,,-0.409,0.81,-3.95402,0.873,29,2,,-0.416,0.83
112,House,20122,33,4,MN,100,0,1,"McCOLLUM, Betty",M001143,1954,,-0.417,-0.183,-182.60549,0.8741,1357,74,,-0.425,-0.143
112,House,20333,33,2,MN,200,0,1,"KLINE, John",K000363,1947,,0.49,0.154,-146.37568,0.903,1433,43,,0.511,0.241
112,House,20726,33,1,MN,100,0,1,"WALZ, Tim",W000799,1964,,-0.275,0.131,-335.79454,0.78808,1410,141,,-0.289,0.219
112,House,20727,33,5,MN,100,0,1,"ELLISON, Keith",E000288,1963,,-0.537,-0.58,-140.33274,0.89834,1309,46,,-0.522,-0.54
112,House,20728,33,6,MN,200,0,1,"BACHMANN, Michele",B001256,1956,,0.584,-0.03,-205.16136,0.832,1113,76,,0.624,-0.19
112,House,20924,33,3,MN,200,0,1,"PAULSEN, Erik",P000594,1965,,0.402,-0.191,-262.01765,0.83107,1416,99,,0.412,-0.2
112,House,21146,33,8,MN,200,0,1,"CRAVAACK, Chip",C001086,1959,,0.366,0.144,-240.99513,0.844,1425,107,,0.365,0.148
112,House,29127,33,7,MN,100,0,1,"PETERSON, Collin Clark",P000258,1944,,-0.148,0.712,-606.47181,0.64884,1402,266,,-0.147,0.76
112,House,20925,46,3,MS,200,0,1,"HARPER, Gregg",H001045,1956,,0.384,0.48,-153.20806,0.89813,1426,68,,0.354,0.548
112,House,21147,46,1,MS,200,0,1,"NUNNELEE, Alan",N000186,1958,2015.0,0.488,0.574,-154.09511,0.895,1395,66,,0.484,0.399
112,House,21148,46,4,MS,200,0,1,"PALAZZO, Steven",P000601,1970,,0.535,0.45,-155.99238,0.89617,1423,76,,0.457,0.585
112,House,29368,46,2,MS,100,0,1,"THOMPSON, Bennie",T000193,1948,,-0.516,0.396,-272.15436,0.8209,1379,136,,-0.546,0.451
112,House,20123,34,2,MO,200,0,1,"AKIN, W. Todd",A000358,1947,2021.0,0.612,0.235,-128.91502,0.898,1198,51,,0.561,0.152
112,House,20124,34,6,MO,200,0,1,"GRAVES, Samuel",G000546,1963,,0.441,0.201,-206.83356,0.86081,1380,86,,0.493,0.214
112,House,20147,34,1,MO,100,0,1,"CLAY, William Lacy, Jr.",C001049,1956,,-0.481,-0.078,-197.27788,0.86598,1371,84,,-0.519,-0.165
112,House,20516,34,3,MO,100,0,1,"CARNAHAN, Russ",C001060,1958,,-0.347,-0.005,-188.89602,0.874,1397,66,,-0.387,0.011
112,House,20517,34,5,MO,100,0,1,"CLEAVER, Emanuel, II",C001061,1944,,-0.453,0.016,-227.71956,0.84717,1373,91,,-0.46,-0.032
112,House,20926,34,9,MO,200,0,1,"LUETKEMEYER, Blaine",L000569,1952,,0.444,0.263,-151.62459,0.8994,1430,53,,0.459,0.476
112,House,21149,34,4,MO,200,0,1,"HARTZLER, Vicky",H001053,1960,,0.478,0.229,-194.03782,0.87143,1410,78,,0.509,0.221
112,House,21150,34,7,MO,200,0,1,"LONG, Billy",L000576,1955,,0.544,0.244,-196.02495,0.86829,1388,76,,0.62,0.262
112,House,29736,34,8,MO,200,0,1,"EMERSON, Jo Ann",E000172,1950,,0.269,0.274,-253.72397,0.833,1389,113,,0.295,0.117
112,House,20125,64,1,MT,200,0,1,"REHBERG, Denny",R000571,1955,,0.337,0.244,-243.05497,0.844,1429,101,,0.309,0.189
112,House,20518,35,1,NE,200,0,1,"FORTENBERRY, Jeff",F000449,1960,,0.304,-0.061,-353.61125,0.77595,1394,141,,0.293,-0.2
112,House,20729,35,3,NE,200,0,1,"SMITH, Adrian",S001172,1970,,0.515,0.219,-165.54778,0.89025,1424,74,,0.495,0.331
112,House,29921,35,2,NE,200,0,1,"TERRY, Lee Raymond",T000459,1962,,0.426,-0.067,-320.70919,0.798,1419,145,,0.407,-0.1
112,House,20730,65,2,NV,200,1,1,"HELLER, Dean",H001041,1960,,0.463,-0.459,-65.65019,0.78899,277,27,,0.711,-0.703
112,House,21151,65,3,NV,200,0,1,"HECK, Joe",H001055,1961,,0.324,0.014,-321.85278,0.799,1433,139,,0.308,0.024
112,House,21196,65,2,NV,200,2,2,"AMODEI, Mark E.",A000369,1958,,0.384,0.196,-105.90633,0.86581,735,43,,0.447,-0.035
112,House,29922,65,1,NV,100,0,1,"BERKLEY, Shelley",B001231,1951,,-0.302,0.024,-306.58093,0.805,1410,116,,-0.288,0.056
112,House,21152,4,1,NH,200,0,1,"GUINTA, Frank",G000570,1970,,0.433,0.164,-175.63493,0.882,1396,75,,0.433,0.074
112,House,29538,4,2,NH,200,0,1,"BASS, Charles Foster",B000220,1952,,0.331,-0.556,-428.01426,0.738,1408,207,,0.257,-0.377
112,House,14863,12,4,NJ,200,0,1,"SMITH, Christopher Henry",S000522,1953,,0.172,-0.165,-379.75486,0.76433,1413,162,,0.228,-0.277
112,House,15454,12,6,NJ,100,0,1,"PALLONE, Frank, Jr.",P000034,1951,,-0.404,-0.172,-164.64676,0.89124,1430,70,,-0.519,-0.225
112,House,15619,12,10,NJ,100,1,1,"PAYNE, Donald Milford",P000149,1934,2012.0,-0.592,-0.547,-80.02229,0.906,815,38,,-0.602,-0.535
112,House,20336,12,5,NJ,200,0,1,"GARRETT, Scott",G000548,1959,,0.688,-0.243,-196.80116,0.87,1409,91,,0.742,-0.244
112,House,20542,12,13,NJ,100,0,1,"SIRES, Albio",S001165,1951,,-0.404,0.098,-210.22609,0.85898,1383,95,,-0.413,0.119
112,House,20929,12,7,NJ,200,0,1,"LANCE, Leonard",L000567,1952,,0.329,-0.237,-335.93674,0.79102,1433,147,,0.337,-0.259
112,House,21153,12,3,NJ,200,0,1,"RUNYAN, Jon",R000594,1973,,0.222,0.089,-237.40857,0.846,1418,82,,0.228,0.115
112,House,29132,12,1,NJ,100,0,1,"ANDREWS, Robert Ernest",A000210,1957,,-0.297,-0.119,-269.69375,0.823,1384,116,,-0.411,0.092
112,House,29539,12,2,NJ,200,0,1,"LoBIONDO, Frank A.",L000554,1946,,0.211,-0.224,-434.6886,0.7385,1434,207,,0.226,-0.274
112,House,29541,12,11,NJ,200,0,1,"FRELINGHUYSEN, Rodney P.",F000372,1946,,0.292,-0.262,-271.41462,0.81478,1325,107,,0.246,0.1
112,House,29741,12,8,NJ,100,0,1,"PASCRELL, William J., Jr.",P000096,1937,,-0.367,-0.008,-186.40113,0.86941,1332,82,,-0.429,0.105
112,House,29742,12,9,NJ,100,0,1,"ROTHMAN, Steven",R000462,1952,,-0.352,-0.092,-188.17851,0.87,1355,77,,-0.394,0.08
112,House,29923,12,12,NJ,100,0,1,"HOLT, Rush",H001032,1948,,-0.463,-0.33,-172.99068,0.886,1425,61,,-0.482,-0.334
112,House,31103,12,10,NJ,100,2,2,"PAYNE, Donald, Jr.",P000604,1958,,-0.52,-0.107,-2.75706,0.90293,27,0,,-0.43,-0.374
112,House,20337,66,2,NM,200,0,1,"PEARCE, Stevan",P000588,1947,,0.472,0.064,-269.22746,0.82483,1398,121,,0.502,0.034
112,House,20930,66,1,NM,100,0,1,"HEINRICH, Martin",H001046,1971,,-0.33,-0.022,-310.61405,0.79595,1361,116,,-0.287,-0.019
112,House,20932,66,3,NM,100,0,1,"LUJÁN, Ben Ray",L000570,1972,,-0.368,0.015,-239.16903,0.84327,1403,99,,-0.342,-0.032
112,House,13035,13,15,NY,100,0,1,"RANGEL, Charles B.",R000053,1930,,-0.514,-0.341,-165.79793,0.869,1182,75,,-0.479,-0.188
112,House,15000,13,5,NY,100,0,1,"ACKERMAN, Gary Leonard",A000022,1942,,-0.429,-0.165,-218.71898,0.848,1323,97,,-0.429,0.081
112,House,15072,13,10,NY,100,0,1,"TOWNS, Edolphus",T000326,1934,,-0.519,-0.132,-185.75804,0.868,1307,75,,-0.53,-0.058
112,House,15444,13,28,NY,100,0,1,"SLAUGHTER, Louise McIntosh",S000480,1929,2018.0,-0.465,-0.104,-128.88375,0.89319,1141,60,,-0.483,-0.261
112,House,15603,13,17,NY,100,0,1,"ENGEL, Eliot Lance",E000179,1947,,-0.408,-0.093,-237.17847,0.83811,1343,97,,-0.426,0.141
112,House,15612,13,18,NY,100,0,1,"LOWEY, Nita M.",L000480,1937,,-0.389,-0.152,-179.54108,0.8794,1397,86,,-0.385,0.012
112,House,20129,13,2,NY,100,0,1,"ISRAEL, Steve",I000057,1958,,-0.334,-0.051,-212.79055,0.86,1413,86,,-0.394,0.1
112,House,20338,13,1,NY,100,0,1,"BISHOP, Timothy H.",B001242,1950,,-0.338,-0.05,-235.4931,0.843,1383,96,,-0.338,-0.048
112,House,20519,13,27,NY,100,0,1,"HIGGINS, Brian",H001038,1959,,-0.349,-0.035,-231.06067,0.84865,1408,88,,-0.329,-0.031
112,House,20733,13,11,NY,100,0,1,"CLARKE, Yvette Diane",C001067,1964,,-0.612,-0.229,-158.82128,0.89114,1378,73,,-0.646,-0.182
112,House,20934,13,21,NY,100,0,1,"TONKO, Paul",T000469,1949,,-0.419,-0.263,-165.18596,0.89055,1425,59,,-0.418,-0.303
112,House,20936,13,26,NY,200,1,1,"LEE, Christopher John",L000568,1964,,0.313,0.16,,,,,,0.47,0.878
112,House,20957,13,23,NY,100,0,1,"OWENS, William",O000169,1949,,-0.182,0.409,-582.44831,0.659,1398,274,,-0.171,0.342
112,House,21101,13,29,NY,200,0,1,"REED, Thomas W. II",R000585,1971,,0.269,0.12,-316.65025,0.80012,1420,127,,0.347,0.001
112,House,21154,13,13,NY,200,0,1,"GRIMM, Michael G.",G000569,1970,,0.219,0.136,-278.69979,0.821,1411,115,,0.236,0.137
112,House,21155,13,19,NY,200,0,1,"HAYWORTH, Nan",H001054,1959,,0.282,-0.182,-360.58358,0.776,1424,151,,0.286,-0.208
112,House,21156,13,20,NY,200,0,1,"GIBSON, Christopher",G000564,1964,,0.203,-0.455,-615.20738,0.65,1427,305,,0.233,-0.529
112,House,21157,13,24,NY,200,0,1,"HANNA, Richard",H001051,1951,2020.0,0.215,-0.145,-417.08572,0.741,1390,181,,0.238,-0.197
112,House,21158,13,25,NY,200,0,1,"BUERKLE, Ann Marie",B001276,1951,,0.579,0.253,-157.14503,0.894,1407,68,,0.57,0.133
112,House,21194,13,26,NY,100,2,2,"HOCHUL, Kathleen C.",H001062,1958,,-0.239,0.317,-382.73427,0.701,1077,158,,-0.219,0.232
112,House,21197,13,9,NY,200,2,2,"TURNER, Robert L.",T000471,1941,,0.281,0.302,-100.34413,0.875,753,32,,0.283,0.242
112,House,29134,13,16,NY,100,0,1,"SERRANO, José E.",S000248,1943,,-0.491,-0.377,-155.96934,0.89507,1407,63,,-0.511,-0.35
112,House,29375,13,3,NY,200,0,1,"KING, Peter T.",K000210,1944,,0.259,-0.03,-267.49422,0.82686,1407,98,,0.227,0.227
112,House,29377,13,8,NY,100,0,1,"NADLER, Jerrold Lewis",N000002,1947,,-0.508,-0.497,-144.84663,0.89876,1357,63,,-0.502,-0.461
112,House,29378,13,12,NY,100,0,1,"VELÁZQUEZ, Nydia M.",V000081,1953,,-0.547,-0.343,-148.092,0.89676,1359,69,,-0.537,-0.401
112,House,29379,13,14,NY,100,0,1,"MALONEY, Carolyn Bosher",M000087,1946,,-0.387,-0.285,-178.84932,0.87902,1387,77,,-0.389,-0.364
112,House,29380,13,22,NY,100,0,1,"HINCHEY, Maurice Dunlea",H000627,1938,2017.0,-0.575,-0.007,-160.82802,0.872,1178,69,,-0.559,0.047
112,House,29744,13,4,NY,100,0,1,"McCARTHY, Carolyn",M000309,1944,,-0.294,-0.04,-246.12083,0.833,1343,86,,-0.317,0.08
112,House,29776,13,6,NY,100,0,1,"MEEKS, Gregory W.",M001137,1953,,-0.414,-0.072,-193.32682,0.86022,1284,82,,-0.435,0.03
112,House,29925,13,7,NY,100,0,1,"CROWLEY, Joseph",C001038,1962,,-0.412,-0.07,-172.86959,0.88218,1379,69,,-0.412,-0.172
112,House,29926,13,9,NY,100,1,1,"WEINER, Anthony D.",W000792,1964,,-0.408,-0.371,-64.57824,0.843,379,32,,-0.404,-0.568
112,House,15092,47,6,NC,200,0,1,"COBLE, Howard",C000556,1931,2015.0,0.52,-0.081,-274.73379,0.809,1293,111,,0.495,-0.275
112,House,15438,47,4,NC,100,0,1,"PRICE, David Eugene",P000523,1940,,-0.343,-0.03,-191.36509,0.87434,1425,76,,-0.43,-0.026
112,House,20340,47,1,NC,100,0,1,"BUTTERFIELD, George Kenneth, Jr. (G.K.)",B001251,1947,,-0.404,0.184,-252.73006,0.82835,1342,84,,-0.389,0.213
112,House,20341,47,13,NC,100,0,1,"MILLER, Brad",M001154,1953,,-0.376,0.063,-224.07065,0.854,1423,91,,-0.444,0.171
112,House,20521,47,5,NC,200,0,1,"FOXX, Virginia Ann",F000450,1943,,0.626,0.154,-247.12761,0.84139,1431,100,,0.682,0.08
112,House,20522,47,10,NC,200,0,1,"McHENRY, Patrick T.",M001156,1975,,0.532,0.118,-164.17045,0.88852,1389,65,,0.606,0.016
112,House,20737,47,11,NC,100,0,1,"SHULER, Heath",S001171,1971,,-0.07,0.224,-624.4027,0.613,1274,324,,-0.06,0.069
112,House,20938,47,8,NC,100,0,1,"KISSELL, Larry",K000369,1951,,-0.182,0.375,-599.6391,0.655,1419,289,,-0.143,0.256
112,House,21159,47,2,NC,200,0,1,"ELLMERS, Renee",E000291,1964,,0.406,0.338,-144.17439,0.903,1406,62,,0.456,0.383
112,House,29383,47,12,NC,100,0,1,"WATT, Melvin L.",W000207,1945,,-0.526,-0.155,-208.28909,0.861,1390,75,,-0.46,-0.089
112,House,29546,47,3,NC,200,0,1,"JONES, Walter Beaman, Jr.",J000255,1943,2019.0,0.244,-0.362,-1135.01523,0.44221,1391,498,,0.144,-0.372
112,House,29549,47,9,NC,200,0,1,"MYRICK, Sue",M001134,1941,,0.56,0.027,-170.32693,0.879,1316,72,,0.518,0.166
112,House,29746,47,7,NC,100,0,1,"McINTYRE, Mike",M000485,1956,,-0.148,0.56,-686.80963,0.606,1370,320,,-0.13,0.366
112,House,21160,36,1,ND,200,0,1,"BERG, Rick",B001272,1959,,0.328,0.427,-175.89691,0.882,1398,77,,0.333,0.306
112,House,15029,24,9,OH,100,0,1,"KAPTUR, Marcia Carolyn (Marcy)",K000009,1946,,-0.349,0.111,-267.9002,0.82274,1373,113,,-0.401,0.15
112,House,20130,24,12,OH,200,0,1,"TIBERI, Patrick (Pat)",T000462,1962,,0.386,-0.026,-259.57191,0.83261,1417,127,,0.32,0.028
112,House,20342,24,3,OH,200,0,1,"TURNER, Michael R.",T000463,1960,,0.276,0.217,-238.17181,0.84608,1425,98,,0.254,0.171
112,House,20343,24,17,OH,100,0,1,"RYAN, Timothy J.",R000577,1973,,-0.402,0.208,-288.20386,0.81525,1411,155,,-0.438,0.265
112,House,20540,24,2,OH,200,0,1,"SCHMIDT, Jean",S001164,1951,,0.467,-0.1,-237.32072,0.843,1385,89,,0.467,-0.149
112,House,20738,24,4,OH,200,0,1,"JORDAN, Jim",J000289,1964,,0.717,-0.2,-140.83764,0.90449,1403,53,,0.731,-0.121
112,House,20740,24,13,OH,100,0,1,"SUTTON, Betty",S001174,1963,,-0.44,0.165,-220.09753,0.853,1387,105,,-0.428,0.14
112,House,20755,24,5,OH,200,0,1,"LATTA, Robert E.",L000566,1956,,0.512,0.275,-137.00834,0.90882,1433,51,,0.508,0.365
112,House,20940,24,7,OH,200,0,1,"AUSTRIA, Steve",A000365,1958,,0.367,0.305,-146.36115,0.899,1380,60,,0.326,0.454
112,House,20941,24,11,OH,100,0,1,"FUDGE, Marcia L.",F000455,1952,,-0.581,0.14,-195.1823,0.87098,1413,75,,-0.609,0.06
112,House,21162,24,6,OH,200,0,1,"JOHNSON, Bill",J000292,1954,,0.424,0.269,-236.5606,0.84763,1431,101,,0.463,0.155
112,House,21163,24,15,OH,200,0,1,"STIVERS, Steve",S001187,1965,,0.3,0.269,-214.70793,0.84344,1261,97,,0.271,0.162
112,House,21164,24,16,OH,200,0,1,"RENACCI, Jim",R000586,1958,,0.387,0.143,-294.44229,0.81332,1425,130,,0.395,0.012
112,House,21165,24,18,OH,200,0,1,"GIBBS, Bob",G000563,1954,,0.484,0.284,-165.48391,0.89079,1431,80,,0.429,0.305
112,House,29137,24,8,OH,200,0,1,"BOEHNER, John Andrew",B000589,1949,,0.513,0.04,,,,,,0.052,0.912
112,House,29550,24,1,OH,200,0,1,"CHABOT, Steve",C000266,1953,,0.542,-0.137,-186.64146,0.8778,1432,70,,0.622,-0.158
112,House,29553,24,14,OH,200,0,1,"LaTOURETTE, Steven C.",L000553,1954,2016.0,0.211,-0.063,-316.31448,0.795,1382,116,,0.179,0.073
112,House,29748,24,10,OH,100,0,1,"KUCINICH, Dennis",K000336,1946,,-0.582,0.024,-333.82678,0.782,1357,130,,-0.79,-0.071
112,House,20131,53,1,OK,200,0,1,"SULLIVAN, John",S001155,1965,,0.513,0.173,-170.21479,0.879,1320,79,,0.471,0.125
112,House,20344,53,4,OK,200,0,1,"COLE, Tom",C001053,1949,,0.329,0.374,-185.08217,0.8778,1420,78,,0.289,0.401
112,House,20523,53,2,OK,100,0,1,"BOREN, Daniel David",B001254,1973,,-0.112,0.994,-367.20212,0.764,1363,161,,-0.071,0.887
112,House,21166,53,5,OK,200,0,1,"LANKFORD, James",L000575,1968,,0.607,0.175,-166.79735,0.88969,1427,69,,0.535,0.154
112,House,29393,53,3,OK,200,0,1,"LUCAS, Frank D.",L000491,1960,,0.366,0.421,-152.06489,0.89811,1415,56,,0.295,0.58
112,House,15410,72,4,OR,100,0,1,"DeFAZIO, Peter Anthony",D000191,1947,,-0.427,-0.002,-509.78123,0.69534,1403,208,,-0.277,-0.202
112,House,20944,72,5,OR,100,0,1,"SCHRADER, Kurt",S001180,1951,,-0.182,0.054,-601.1127,0.6475,1383,267,,-0.174,-0.021
112,House,21198,72,1,OR,100,2,2,"BONAMICI, Suzanne",B001278,1954,,-0.395,-0.418,-52.51307,0.907,538,22,,-0.389,-0.36
112,House,29588,72,3,OR,100,0,1,"BLUMENAUER, Earl",B000574,1948,,-0.427,-0.659,-230.79493,0.8436,1357,89,,-0.39,-0.551
112,House,29931,72,1,OR,100,1,1,"WU, David",W000793,1955,,-0.37,0.031,-151.21454,0.791,644,66,,-0.344,-0.24
112,House,29932,72,2,OR,200,0,1,"WALDEN, Greg",W000791,1957,,0.333,-0.011,-257.76783,0.83453,1425,109,,0.366,-0.118
112,House,20134,14,9,PA,200,0,1,"SHUSTER, William (Bill)",S001154,1961,,0.374,0.323,-171.87619,0.88501,1407,77,,0.316,0.369
112,House,20135,14,19,PA,200,0,1,"PLATTS, Todd",P000585,1962,,0.252,-0.15,-334.14125,0.787,1394,144,,0.217,-0.041
112,House,20345,14,6,PA,200,0,1,"GERLACH, Jim",G000549,1955,,0.221,-0.107,-355.083,0.779,1421,157,,0.209,-0.056
112,House,20346,14,18,PA,200,0,1,"MURPHY, Timothy",M001151,1952,,0.258,0.198,-274.78477,0.82484,1427,116,,0.356,0.093
112,House,20524,14,8,PA,200,0,1,"FITZPATRICK, Michael G.",F000451,1963,2020.0,0.202,-0.186,-502.77446,0.702,1423,241,,0.253,-0.376
112,House,20525,14,13,PA,100,0,1,"SCHWARTZ, Allyson Y.",S001162,1948,,-0.343,-0.008,-194.17973,0.869,1381,74,,-0.342,-0.035
112,House,20526,14,15,PA,200,0,1,"DENT, Charles W.",D000604,1960,,0.244,-0.085,-363.70595,0.7757,1432,159,,0.233,-0.107
112,House,20743,14,4,PA,100,0,1,"ALTMIRE, Jason",A000362,1968,,-0.133,0.59,-590.23517,0.661,1424,283,,-0.164,0.624
112,House,20946,14,5,PA,200,0,1,"THOMPSON, Glenn",T000467,1959,,0.321,0.394,-250.7356,0.83907,1429,93,,0.295,0.246
112,House,20960,14,12,PA,100,0,1,"CRITZ, Mark S.",C001081,1962,,-0.326,0.945,-402.73264,0.754,1425,162,,-0.331,0.839
112,House,21167,14,3,PA,200,0,1,"KELLY, Mike",K000376,1948,,0.371,0.405,-168.81641,0.88843,1427,69,,0.296,0.475
112,House,21168,14,7,PA,200,0,1,"MEEHAN, Patrick",M001181,1955,,0.22,0.076,-314.71284,0.80071,1416,127,,0.202,0.069
112,House,21170,14,10,PA,200,0,1,"MARINO, Thomas A.",M001179,1952,,0.352,0.477,-145.20387,0.89795,1349,62,,0.381,0.543
112,House,21171,14,11,PA,200,0,1,"BARLETTA, Lou",B001269,1956,,0.278,0.393,-178.78935,0.8813,1415,63,,0.25,0.389
112,House,29396,14,17,PA,100,0,1,"HOLDEN, Thomas Timothy (Tim)",H000712,1957,,-0.233,0.608,-440.36568,0.716,1316,202,,-0.315,0.8
112,House,29559,14,2,PA,100,0,1,"FATTAH, Chaka",F000043,1956,,-0.472,-0.054,-237.67324,0.842,1386,86,,-0.409,-0.004
112,House,29561,14,14,PA,100,0,1,"DOYLE, Michael F.",D000482,1953,,-0.331,0.099,-270.11622,0.82396,1395,124,,-0.462,0.058
112,House,29752,14,16,PA,200,0,1,"PITTS, Joseph R.",P000373,1939,,0.538,0.012,-194.67808,0.871,1406,83,,0.496,0.027
112,House,29777,14,1,PA,100,0,1,"BRADY, Robert A.",B001227,1945,,-0.484,0.225,-189.02506,0.87545,1421,91,,-0.534,0.262
112,House,20136,5,2,RI,100,0,1,"LANGEVIN, James",L000559,1964,,-0.375,0.114,-191.02897,0.87363,1414,66,,-0.385,0.061
112,House,21172,5,1,RI,100,0,1,"CICILLINE, David N.",C001084,1961,,-0.388,-0.263,-165.03272,0.88977,1413,62,,-0.397,-0.19
112,House,20138,48,2,SC,200,0,1,"WILSON, Addison Graves (Joe)",W000795,1947,,0.53,0.144,-151.07576,0.89846,1411,58,,0.615,0.098
112,House,21173,48,1,SC,200,0,1,"SCOTT, Tim",S001184,1965,,0.629,-0.014,-145.1538,0.90335,1428,58,,0.682,-0.006
112,House,21174,48,3,SC,200,0,1,"DUNCAN, Jeff",D000615,1966,,0.7,-0.082,-147.28425,0.90187,1426,56,,0.738,-0.107
112,House,21175,48,4,SC,200,0,1,"GOWDY, Trey",G000566,1964,,0.655,-0.002,-139.97562,0.9065,1426,49,,0.696,-0.094
112,House,21176,48,5,SC,200,0,1,"MULVANEY, Mick",M001182,1967,,0.75,-0.592,-223.71615,0.8548,1426,109,,0.802,-0.506
112,House,39301,48,6,SC,100,0,1,"CLYBURN, James Enos",C000537,1940,,-0.465,0.252,-242.13619,0.84045,1393,112,,-0.468,0.272
112,House,21177,37,1,SD,200,0,1,"NOEM, Kristi",N000184,1971,,0.398,0.326,-178.25584,0.88132,1411,72,,0.362,0.301
112,House,15019,54,5,TN,100,0,1,"COOPER, James Hayes Shofner",C000754,1954,,-0.164,-0.033,-654.52854,0.63131,1423,275,,-0.165,-0.037
112,House,15455,54,2,TN,200,0,1,"DUNCAN, John J., Jr.",D000533,1947,,0.604,-0.476,-476.88762,0.71558,1425,185,,0.658,-0.753
112,House,20351,54,7,TN,200,0,1,"BLACKBURN, Marsha",B001243,1952,,0.627,0.149,-161.33993,0.89274,1422,65,,0.642,0.356
112,House,20748,54,9,TN,100,0,1,"COHEN, Stephen",C001068,1949,,-0.398,-0.351,-219.62534,0.85375,1389,81,,-0.401,-0.455
112,House,20947,54,1,TN,200,0,1,"ROE, David P. (Phil)",R000582,1945,,0.486,0.024,-180.71674,0.88128,1430,72,,0.476,0.102
112,House,21178,54,3,TN,200,0,1,"FLEISCHMANN, Chuck",F000459,1962,,0.465,0.275,-145.70168,0.90196,1412,64,,0.488,0.345
112,House,21179,54,4,TN,200,0,1,"DESJARLAIS, Scott",D000616,1964,,0.579,-0.064,-217.53975,0.85879,1429,105,,0.507,0.156
112,House,21180,54,6,TN,200,0,1,"BLACK, Diane",B001273,1951,,0.58,0.219,-145.21298,0.90154,1401,61,,0.57,0.236
112,House,21181,54,8,TN,200,0,1,"FINCHER, Stephen Lee",F000458,1973,,0.526,0.181,-184.60118,0.878,1419,86,,0.521,0.057
112,House,14290,49,14,TX,200,0,1,"PAUL, Ronald Ernest",P000583,1935,,0.863,-0.505,-441.01564,0.628,949,192,,0.648,-0.762
112,House,15085,49,6,TX,200,0,1,"BARTON, Joe Linus",B000213,1949,,0.528,0.047,-308.28491,0.7998,1380,113,,0.474,-0.11
112,House,15445,49,21,TX,200,0,1,"SMITH, Lamar Seeligson",S000583,1947,,0.425,0.061,-158.4375,0.89435,1419,51,,0.396,0.462
112,House,20139,49,7,TX,200,0,1,"CULBERSON, John",C001048,1956,,0.503,0.366,-154.19281,0.88904,1311,62,,0.529,0.395
112,House,20352,49,5,TX,200,0,1,"HENSARLING, Jeb",H001036,1957,,0.703,0.04,-136.39465,0.90915,1432,56,,0.669,0.095
112,House,20353,49,19,TX,200,0,1,"NEUGEBAUER, Randy",N000182,1949,,0.628,0.322,-136.75572,0.908,1420,59,,0.685,0.293
112,House,20355,49,26,TX,200,0,1,"BURGESS, Michael C.",B001248,1950,,0.574,-0.198,-308.069,0.80398,1412,131,,0.636,-0.378
112,House,20356,49,31,TX,200,0,1,"CARTER, John R.",C001051,1941,,0.486,0.574,-174.26233,0.8839,1412,76,,0.389,0.688
112,House,20527,49,1,TX,200,0,1,"GOHMERT, Louie",G000552,1953,,0.644,-0.406,-280.06408,0.80765,1311,100,,0.612,-0.321
112,House,20528,49,2,TX,200,0,1,"POE, Ted",P000592,1948,,0.594,-0.029,-267.80561,0.8269,1409,121,,0.623,-0.203
112,House,20529,49,9,TX,100,0,1,"GREEN, Al",G000553,1947,,-0.438,0.292,-322.96367,0.79632,1418,134,,-0.412,0.408
112,House,20530,49,10,TX,200,0,1,"McCAUL, Michael T.",M001157,1962,,0.422,0.122,-175.78465,0.88333,1417,57,,0.44,0.217
112,House,20531,49,11,TX,200,0,1,"CONAWAY, K. Michael",C001062,1948,,0.593,0.367,-140.61206,0.9066,1434,59,,0.661,0.613
112,House,20532,49,24,TX,200,0,1,"MARCHANT, Kenny",M001158,1951,,0.6,0.154,-208.91737,0.85828,1367,83,,0.597,0.104
112,House,20533,49,28,TX,100,0,1,"CUELLAR, Henry",C001063,1955,,-0.228,0.618,-505.18613,0.70186,1427,231,,-0.226,0.541
112,House,20948,49,22,TX,200,0,1,"OLSON, Pete",O000168,1962,,0.548,0.308,-137.67909,0.90759,1420,52,,0.505,0.549
112,House,21182,49,17,TX,200,0,1,"FLORES, Bill",F000461,1954,,0.572,0.293,-147.55343,0.8997,1396,57,,0.604,0.325
112,House,21183,49,23,TX,200,0,1,"CANSECO, Francisco (Quico)",C001082,1949,,0.571,0.522,-144.84,0.903,1418,52,,0.562,0.418
112,House,21184,49,27,TX,200,0,1,"FARENTHOLD, Blake",F000460,1961,,0.548,0.016,-206.10498,0.86534,1425,82,,0.529,0.118
112,House,29143,49,3,TX,200,0,1,"JOHNSON, Sam",J000174,1930,2020.0,0.61,0.277,-148.40438,0.89662,1360,55,,0.552,0.378
112,House,29571,49,25,TX,100,0,1,"DOGGETT, Lloyd Alton, II",D000399,1946,,-0.402,-0.316,-249.795,0.83637,1398,104,,-0.358,-0.243
112,House,29572,49,13,TX,200,0,1,"THORNBERRY, William McClellan (Mac)",T000238,1958,,0.525,0.313,-149.23354,0.9011,1433,51,,0.553,0.664
112,House,29573,49,18,TX,100,0,1,"JACKSON LEE, Sheila",J000032,1950,,-0.46,0.124,-288.29987,0.80055,1296,115,,-0.489,0.319
112,House,29759,49,32,TX,200,0,1,"SESSIONS, Pete",S000250,1955,,0.591,0.135,-135.5862,0.90819,1408,51,,0.619,0.218
112,House,29760,49,8,TX,200,0,1,"BRADY, Kevin Patrick",B000755,1955,,0.52,0.239,-175.95147,0.8815,1395,76,,0.607,0.169
112,House,29762,49,12,TX,200,0,1,"GRANGER, Kay",G000377,1943,,0.403,0.233,-195.44288,0.86795,1380,81,,0.341,0.586
112,House,29763,49,15,TX,100,0,1,"HINOJOSA, Rubén",H000636,1940,,-0.34,0.235,-342.7228,0.769,1304,145,,-0.367,0.237
112,House,29764,49,16,TX,100,0,1,"REYES, Silvestre",R000170,1944,,-0.321,0.304,-294.79203,0.802,1339,120,,-0.36,0.237
112,House,29943,49,20,TX,100,0,1,"GONZALEZ, Charles A.",G000544,1945,,-0.347,0.262,-351.86954,0.774,1376,158,,-0.357,0.37
112,House,39304,49,29,TX,100,0,1,"GREEN, Raymond Eugene (Gene)",G000410,1947,,-0.324,0.453,-629.35889,0.6373,1397,282,,-0.276,0.441
112,House,39305,49,30,TX,100,0,1,"JOHNSON, Eddie Bernice",J000126,1935,,-0.485,0.198,-256.66591,0.82938,1372,114,,-0.472,0.168
112,House,94828,49,4,TX,200,0,1,"HALL, Ralph Moody",H000067,1923,2019.0,0.424,0.308,-198.7291,0.869,1410,89,,0.479,0.2
112,House,20140,67,2,UT,100,0,1,"MATHESON, James David (Jim)",M001142,1960,,-0.115,0.546,-764.12574,0.586,1428,319,,-0.046,0.405
112,House,20357,67,1,UT,200,0,1,"BISHOP, Robert (Rob)",B001250,1951,,0.537,0.105,-242.8942,0.83732,1368,91,,0.562,-0.035
112,House,20949,67,3,UT,200,0,1,"CHAFFETZ, Jason",C001076,1967,,0.647,-0.278,-209.6872,0.8595,1385,90,,0.664,-0.318
112,House,20750,6,1,VT,100,0,1,"WELCH, Peter",W000800,1947,,-0.407,-0.358,-249.40689,0.83746,1406,82,,-0.37,-0.247
112,House,14869,40,10,VA,200,0,1,"WOLF, Frank Rudolph",W000672,1939,,0.284,-0.213,-354.54694,0.78,1425,147,,0.254,-0.042
112,House,20143,40,4,VA,200,0,1,"FORBES, J. Randy",F000445,1952,,0.407,0.218,-212.22197,0.861,1421,75,,0.382,0.182
112,House,20144,40,7,VA,200,0,1,"CANTOR, Eric",C001046,1963,,0.518,0.191,-148.34606,0.893,1315,56,,0.482,0.278
112,House,20756,40,1,VA,200,0,1,"WITTMAN, Robert J.",W000804,1959,,0.446,0.005,-270.99078,0.82526,1411,94,,0.355,0.006
112,House,20952,40,11,VA,100,0,1,"CONNOLLY, Gerald E. (Gerry)",C001078,1950,,-0.306,-0.025,-292.18827,0.81485,1427,105,,-0.278,-0.06
112,House,21185,40,2,VA,200,0,1,"RIGELL, E. Scott",R000589,1960,,0.405,-0.084,-295.20361,0.813,1429,112,,0.441,-0.195
112,House,21186,40,5,VA,200,0,1,"HURT, Robert",H001060,1969,,0.568,0.0,-184.11733,0.878,1413,75,,0.569,-0.03
112,House,21191,40,9,VA,200,0,1,"GRIFFITH, H. Morgan",G000568,1958,,0.532,-0.396,-324.4039,0.7946,1411,139,,0.512,-0.349
112,House,29149,40,8,VA,100,0,1,"MORAN, James P.",M000933,1945,,-0.302,-0.203,-260.57577,0.831,1409,103,,-0.356,-0.2
112,House,39307,40,3,VA,100,0,1,"SCOTT, Robert C.",S000185,1947,,-0.45,0.016,-242.4918,0.84322,1422,97,,-0.398,-0.045
112,House,39308,40,6,VA,200,0,1,"GOODLATTE, Robert William",G000289,1952,,0.496,-0.002,-244.86293,0.84181,1422,100,,0.56,-0.216
112,House,14413,73,6,WA,100,0,1,"DICKS, Norman DeValois",D000327,1940,,-0.312,0.11,-238.41441,0.841,1377,85,,-0.35,0.108
112,House,15613,73,7,WA,100,0,1,"McDERMOTT, James A.",M000404,1936,,-0.666,-0.197,-182.0588,0.878,1404,79,,-0.626,-0.147
112,House,20145,73,2,WA,100,0,1,"LARSEN, Richard Ray (Rick)",L000560,1965,,-0.364,0.182,-319.5244,0.7985,1420,151,,-0.316,0.107
112,House,20535,73,5,WA,200,0,1,"McMORRIS RODGERS, Cathy",M001159,1969,,0.422,0.136,-165.47282,0.88949,1413,63,,0.457,0.128
112,House,20536,73,8,WA,200,0,1,"REICHERT, David G.",R000578,1950,,0.224,-0.146,-411.26343,0.73706,1348,179,,0.222,-0.283
112,House,21187,73,3,WA,200,0,1,"HERRERA BEUTLER, Jaime",H001056,1978,,0.336,-0.129,-328.25939,0.79399,1423,143,,0.395,-0.264
112,House,29580,73,4,WA,200,0,1,"HASTINGS, Richard Norman (Doc)",H000329,1941,,0.416,0.411,-158.72363,0.889,1350,72,,0.362,0.644
112,House,29768,73,9,WA,100,0,1,"SMITH, Adam",S000510,1965,,-0.287,-0.162,-322.02596,0.79214,1382,128,,-0.287,-0.016
112,House,29937,73,1,WA,100,1,1,"INSLEE, Jay Robert",I000026,1951,,-0.33,-0.194,-207.12559,0.804,947,82,,-0.291,-0.189
112,House,31101,73,1,WA,100,2,2,"DelBENE, Suzan K.",D000617,1962,,-0.287,-0.201,-3.19931,0.89555,29,0,,-0.304,0.013
112,House,14448,56,3,WV,100,0,1,"RAHALL, Nick Joe, II",R000011,1949,,-0.306,0.45,-615.44702,0.648,1421,285,,-0.272,0.498
112,House,20146,56,2,WV,200,0,1,"CAPITO, Shelley Moore",C001047,1953,,0.276,0.117,-174.75599,0.88466,1426,57,,0.251,0.213
112,House,21188,56,1,WV,200,0,1,"McKINLEY, David",M001180,1947,,0.3,0.178,-275.22729,0.82403,1422,118,,0.254,0.18
112,House,14657,25,5,WI,200,0,1,"SENSENBRENNER, Frank James, Jr.",S000244,1943,,0.638,-0.579,-251.94144,0.83784,1424,111,,0.689,-0.599
112,House,14675,25,6,WI,200,0,1,"PETRI, Thomas Evert",P000265,1940,,0.379,-0.367,-375.91314,0.769,1429,163,,0.549,-0.624
112,House,20537,25,4,WI,100,0,1,"MOORE, Gwendolynne S. (Gwen)",M001160,1951,,-0.525,-0.253,-179.4203,0.87442,1337,85,,-0.562,-0.094
112,House,21189,25,7,WI,200,0,1,"DUFFY, Sean",D000614,1971,,0.511,-0.109,-246.31061,0.84013,1414,125,,0.49,-0.262
112,House,21190,25,8,WI,200,0,1,"RIBBLE, Reid",R000587,1956,,0.603,-0.333,-255.06027,0.835,1412,115,,0.598,-0.321
112,House,29769,25,3,WI,100,0,1,"KIND, Ron",K000188,1963,,-0.26,-0.08,-418.07949,0.74278,1406,180,,-0.239,-0.065
112,House,29939,25,1,WI,200,0,1,"RYAN, Paul D.",R000570,1970,,0.556,-0.25,-198.04502,0.86756,1394,75,,0.547,-0.186
112,House,29940,25,2,WI,100,0,1,"BALDWIN, Tammy",B001230,1962,,-0.493,-0.134,-169.56994,0.88515,1390,84,,-0.475,-0.312
112,House,20953,68,1,WY,200,0,1,"LUMMIS, Cynthia M.",L000571,1954,,0.692,-0.353,-285.11563,0.81515,1395,117,,0.623,-0.333
112,Senate,49700,41,0,AL,200,0,1,"SESSIONS, Jefferson Beauregard III (Jeff)",S001141,1946,,0.549,0.13,-99.08009,0.78298,405,49,,0.525,0.043
112,Senate,94659,41,0,AL,200,0,1,"SHELBY, Richard C.",S000320,1934,,0.446,0.57,-107.17828,0.76848,407,47,,0.468,0.423
112,Senate,40300,81,0,AK,200,0,1,"MURKOWSKI, Lisa",M001153,1957,,0.211,-0.304,-155.45374,0.67331,393,69,,0.183,-0.386
112,Senate,40900,81,0,AK,100,0,1,"BEGICH, Mark",B001265,1962,,-0.235,0.15,-88.4901,0.803,403,38,,-0.267,0.268
112,Senate,15039,61,0,AZ,200,0,1,"McCAIN, John Sidney, III",M000303,1936,2018.0,0.381,-0.626,-95.54607,0.78123,387,42,,0.444,-0.659
112,Senate,15429,61,0,AZ,200,0,1,"KYL, Jon Llewellyn",K000352,1942,,0.548,-0.413,-103.81434,0.77437,406,45,,0.445,-0.512
112,Senate,20101,42,0,AR,200,0,1,"BOOZMAN, John",B001236,1950,,0.426,0.332,-84.52885,0.81036,402,38,,0.408,0.233
112,Senate,40301,42,0,AR,100,0,1,"PRYOR, Mark",P000590,1963,,-0.199,0.463,-87.54621,0.806,405,40,,-0.16,0.481
112,Senate,15011,71,0,CA,100,0,1,"BOXER, Barbara",B000711,1940,,-0.45,-0.423,-55.04957,0.864,378,19,,-0.471,-0.502
112,Senate,49300,71,0,CA,100,0,1,"FEINSTEIN, Dianne",F000062,1933,,-0.268,-0.183,-50.18887,0.88263,402,21,,-0.322,-0.126
112,Senate,29906,62,0,CO,100,0,1,"UDALL, Mark",U000038,1950,,-0.353,0.049,-73.65591,0.833,403,35,,-0.244,-0.172
112,Senate,40910,62,0,CO,100,0,1,"BENNET, Michael F.",B001267,1964,,-0.23,-0.169,-55.70855,0.87119,404,25,,-0.225,-0.199
112,Senate,15704,1,0,CT,100,0,1,"LIEBERMAN, Joseph I.",L000304,1942,,-0.205,-0.312,-95.42711,0.786,396,44,,-0.153,-0.366
112,Senate,41101,1,0,CT,100,0,1,"BLUMENTHAL, Richard",B001277,1946,,-0.435,-0.169,-44.13035,0.8948,397,18,,-0.372,-0.127
112,Senate,15015,11,0,DE,100,0,1,"CARPER, Thomas Richard",C000174,1947,,-0.178,-0.225,-80.97247,0.82039,409,30,,-0.232,-0.382
112,Senate,40916,11,0,DE,100,0,1,"COONS, Christopher A.",C001088,1963,,-0.231,-0.212,-47.11025,0.8912,409,17,,-0.31,-0.443
112,Senate,14651,43,0,FL,100,0,1,"NELSON, Clarence William (Bill)",N000032,1942,,-0.193,0.337,-60.93819,0.86158,409,26,,-0.201,0.063
112,Senate,41102,43,0,FL,200,0,1,"RUBIO, Marco",R000595,1971,,0.608,-0.149,-103.3298,0.76514,386,42,,0.549,-0.215
112,Senate,29512,44,0,GA,200,0,1,"CHAMBLISS, Saxby",C000286,1943,,0.423,0.205,-91.02064,0.795,397,34,,0.449,0.09
112,Senate,29909,44,0,GA,200,0,1,"ISAKSON, Johnny",I000055,1944,2021.0,0.402,-0.011,-92.63976,0.79463,403,37,,0.415,0.145
112,Senate,4812,82,0,HI,100,1,1,"INOUYE, Daniel Ken",I000025,1924,2012.0,-0.319,0.062,-40.21371,0.895,363,16,,-0.326,0.066
112,Senate,14400,82,0,HI,100,0,1,"AKAKA, Daniel Kahikina",A000069,1924,2018.0,-0.419,0.273,-38.4816,0.909,402,17,,-0.45,-0.008
112,Senate,41112,82,0,HI,100,2,5,"SCHATZ, Brian Emanuel",S001194,1972,,-0.444,-0.107,-1.36683,0.93394,20,0,,-0.637,0.385
112,Senate,29345,63,0,ID,200,0,1,"CRAPO, Michael Dean",C000880,1951,,0.5,0.284,-99.9992,0.78025,403,44,,0.591,0.361
112,Senate,40902,63,0,ID,200,0,1,"RISCH, James",R000584,1943,,0.551,0.399,-87.70177,0.80356,401,40,,0.65,0.424
112,Senate,15021,21,0,IL,100,0,1,"DURBIN, Richard Joseph",D000563,1944,,-0.348,-0.303,-43.6233,0.89812,406,17,,-0.453,-0.372
112,Senate,20115,21,0,IL,200,0,1,"KIRK, Mark Steven",K000360,1959,,0.274,-0.647,-49.77374,0.76,181,18,,0.267,-0.666
112,Senate,14506,22,0,IN,200,0,1,"LUGAR, Richard Green",L000504,1932,2019.0,0.304,-0.466,-130.13743,0.725,405,58,,0.286,-0.225
112,Senate,14806,22,0,IN,200,0,1,"COATS, Daniel Ray",C000542,1943,,0.375,-0.227,-99.19009,0.785,409,40,,0.403,-0.266
112,Senate,14226,31,0,IA,200,0,1,"GRASSLEY, Charles Ernest",G000386,1933,,0.355,-0.053,-134.39453,0.72051,410,66,,0.418,-0.048
112,Senate,14230,31,0,IA,100,0,1,"HARKIN, Thomas Richard (Tom)",H000206,1939,,-0.351,-0.546,-59.50591,0.861,399,29,,-0.507,-0.171
112,Senate,14852,32,0,KS,200,0,1,"ROBERTS, Charles Patrick (Pat)",R000307,1936,,0.413,-0.09,-110.35287,0.75518,393,54,,0.414,0.291
112,Senate,29722,32,0,KS,200,0,1,"MORAN, Jerry",M000934,1954,,0.418,0.22,-125.98304,0.72395,390,67,,0.406,0.311
112,Senate,14921,51,0,KY,200,0,1,"McCONNELL, Addison Mitchell (Mitch)",M000355,1942,,0.404,0.02,-91.74746,0.7995,410,41,,0.467,0.038
112,Senate,41104,51,0,KY,200,0,1,"PAUL, Rand",P000603,1963,,0.889,-0.458,-125.47732,0.72667,393,43,,0.933,-0.359
112,Senate,29918,45,0,LA,200,0,1,"VITTER, David",V000127,1961,,0.495,0.323,-122.49722,0.728,386,55,,0.586,0.552
112,Senate,49702,45,0,LA,100,0,1,"LANDRIEU, Mary L.",L000550,1955,,-0.203,0.444,-64.13669,0.852,400,28,,-0.231,0.659
112,Senate,14661,2,0,ME,200,0,1,"SNOWE, Olympia Jean",S000663,1947,,0.091,-0.548,-143.73514,0.701,404,77,,0.107,-0.5
112,Senate,49703,2,0,ME,200,0,1,"COLLINS, Susan Margaret",C001035,1952,,0.116,-0.534,-122.00011,0.74263,410,55,,0.073,-0.532
112,Senate,14440,52,0,MD,100,0,1,"MIKULSKI, Barbara Ann",M000702,1936,,-0.37,-0.128,-50.83496,0.882,404,21,,-0.407,-0.08
112,Senate,15408,52,0,MD,100,0,1,"CARDIN, Benjamin Louis",C000141,1943,,-0.32,-0.227,-42.20461,0.90196,409,12,,-0.406,-0.149
112,Senate,14920,3,0,MA,100,0,1,"KERRY, John Forbes",K000148,1943,,-0.352,-0.382,-41.34711,0.899,390,25,,-0.273,-0.24
112,Senate,40913,3,0,MA,200,3,2,"BROWN, Scott P.",B001268,1959,,0.128,-0.294,-118.93215,0.747,407,52,,0.083,-0.396
112,Senate,14709,23,0,MI,100,0,1,"LEVIN, Carl",L000261,1934,2021.0,-0.395,-0.116,-66.02555,0.851,410,25,,-0.358,0.106
112,Senate,29732,23,0,MI,100,0,1,"STABENOW, Deborah Ann",S000770,1950,,-0.343,-0.016,-72.61349,0.83586,405,31,,-0.264,0.333
112,Senate,40700,33,0,MN,100,0,1,"KLOBUCHAR, Amy",K000367,1960,,-0.284,-0.363,-73.18109,0.83617,409,32,,-0.214,0.01
112,Senate,40904,33,0,MN,100,0,1,"FRANKEN, Al",F000457,1951,,-0.399,-0.169,-38.31826,0.91078,410,12,,-0.437,-0.089
112,Senate,14009,46,0,MS,200,0,1,"COCHRAN, William Thad",C000567,1937,2019.0,0.287,0.051,-122.02015,0.74205,409,62,,0.291,0.361
112,Senate,29534,46,0,MS,200,0,1,"WICKER, Roger F.",W000437,1951,,0.376,0.351,-94.68255,0.79061,403,45,,0.397,0.414
112,Senate,29735,34,0,MO,200,0,1,"BLUNT, Roy",B000575,1950,,0.398,0.18,-141.07189,0.70587,405,66,,0.361,0.495
112,Senate,40701,34,0,MO,100,0,1,"McCASKILL, Claire",M001170,1953,,-0.143,0.023,-133.45451,0.71451,397,50,,-0.099,-0.039
112,Senate,14203,64,0,MT,100,0,1,"BAUCUS, Max Sieben",B000243,1941,,-0.212,0.017,-89.52452,0.802,406,40,,-0.253,0.131
112,Senate,40702,64,0,MT,100,0,1,"TESTER, Jon",T000464,1956,,-0.215,0.154,-96.06431,0.78976,407,43,,-0.21,0.094
112,Senate,40103,35,0,NE,100,0,1,"NELSON, Earl Benjamin (Ben)",N000180,1941,,-0.03,0.588,-101.88529,0.779,408,47,,-0.062,0.548
112,Senate,40905,35,0,NE,200,0,1,"JOHANNS, Mike",J000291,1950,,0.391,0.293,-113.89675,0.756,408,49,,0.361,0.158
112,Senate,15054,65,0,NV,100,0,1,"REID, Harry",R000146,1939,2021.0,-0.276,0.258,-77.47897,0.827,409,25,,-0.265,0.253
112,Senate,20730,65,0,NV,200,2,5,"HELLER, Dean",H001041,1960,,0.463,-0.459,-244.82628,0.49283,346,105,,0.328,-0.425
112,Senate,29537,65,0,NV,200,1,1,"ENSIGN, John Eric",E000194,1958,,0.508,-0.464,-13.01926,0.71,38,8,,0.8,-0.6
112,Senate,40906,4,0,NH,100,0,1,"SHAHEEN, Jeanne",S001181,1947,,-0.238,-0.141,-45.61824,0.89397,407,18,,-0.281,-0.357
112,Senate,41106,4,0,NH,200,0,1,"AYOTTE, Kelly",A000368,1968,,0.351,-0.612,-95.77281,0.791,408,38,,0.425,-0.444
112,Senate,14914,12,0,NJ,100,0,1,"LAUTENBERG, Frank Raleigh",L000123,1924,2013.0,-0.382,-0.579,-33.49883,0.916,380,11,,-0.465,-0.627
112,Senate,29373,12,0,NJ,100,0,1,"MENENDEZ, Robert",M000639,1954,,-0.367,-0.123,-52.30891,0.87884,405,20,,-0.326,-0.307
112,Senate,14912,66,0,NM,100,0,1,"BINGAMAN, Jesse Francis, Jr. (Jeff)",B000468,1943,,-0.266,0.045,-57.43829,0.868,406,19,,-0.301,-0.144
112,Senate,29924,66,0,NM,100,0,1,"UDALL, Thomas (Tom)",U000039,1948,,-0.453,0.161,-34.31744,0.91798,401,13,,-0.426,-0.319
112,Senate,14858,13,0,NY,100,0,1,"SCHUMER, Charles Ellis (Chuck)",S000148,1950,,-0.356,-0.417,-38.37068,0.90875,401,17,,-0.344,-0.095
112,Senate,20735,13,0,NY,100,0,1,"GILLIBRAND, Kirsten",G000555,1966,,-0.47,-0.426,-43.10329,0.89974,408,18,,-0.432,0.213
112,Senate,29548,47,0,NC,200,0,1,"BURR, Richard M.",B001135,1955,,0.435,-0.07,-102.5376,0.76776,388,38,,0.486,-0.147
112,Senate,40907,47,0,NC,100,0,1,"HAGAN, Kay",H001049,1953,2019.0,-0.202,0.281,-62.66907,0.857,405,27,,-0.212,0.271
112,Senate,15502,36,0,ND,100,0,1,"CONRAD, Kent",C000705,1948,,-0.296,0.582,-58.95028,0.864,403,29,,-0.285,0.334
112,Senate,41107,36,0,ND,200,0,1,"HOEVEN, John",H001061,1957,,0.387,0.437,-109.94066,0.76175,404,58,,0.294,0.367
112,Senate,29386,24,0,OH,200,0,1,"PORTMAN, Robert Jones (Rob)",P000449,1955,,0.371,-0.208,-95.39463,0.79151,408,40,,0.375,-0.168
112,Senate,29389,24,0,OH,100,0,1,"BROWN, Sherrod",B000944,1952,,-0.428,-0.106,-46.51381,0.8915,405,21,,-0.403,-0.277
112,Senate,15424,53,0,OK,200,0,1,"INHOFE, James Mountain",I000024,1934,,0.552,0.045,-101.13458,0.77055,388,48,,0.565,0.252
112,Senate,29555,53,0,OK,200,0,1,"COBURN, Thomas Allen",C000560,1948,2020.0,0.782,0.055,-97.29195,0.776,383,51,,0.673,-0.142
112,Senate,14871,72,0,OR,100,0,1,"WYDEN, Ronald Lee",W000779,1949,,-0.33,-0.478,-59.42341,0.86131,398,22,,-0.346,-0.57
112,Senate,40908,72,0,OR,100,0,1,"MERKLEY, Jeff",M001176,1956,,-0.444,-0.735,-61.62191,0.8595,407,26,,-0.399,-0.497
112,Senate,29935,14,0,PA,200,0,1,"TOOMEY, Patrick Joseph",T000461,1961,,0.624,-0.378,-90.71507,0.79932,405,42,,0.573,-0.308
112,Senate,40703,14,0,PA,100,0,1,"CASEY, Robert (Bob), Jr.",C001070,1960,,-0.314,0.172,-58.96632,0.86513,407,28,,-0.261,0.247
112,Senate,29142,5,0,RI,100,0,1,"REED, John F. (Jack)",R000122,1949,,-0.367,-0.175,-46.70714,0.89208,409,17,,-0.41,-0.068
112,Senate,40704,5,0,RI,100,0,1,"WHITEHOUSE, Sheldon",W000802,1955,,-0.355,-0.087,-42.41654,0.90126,408,16,,-0.406,-0.047
112,Senate,29566,48,0,SC,200,0,1,"GRAHAM, Lindsey O.",G000359,1955,,0.373,-0.258,-129.25791,0.72445,401,63,,0.37,-0.38
112,Senate,29936,48,0,SC,200,1,1,"DeMINT, James W.",D000595,1951,,0.7,-0.102,-83.44081,0.798,369,40,,0.908,-0.418
112,Senate,15425,37,0,SD,100,0,1,"JOHNSON, Timothy Peter (Tim)",J000177,1946,,-0.25,0.143,-48.57826,0.887,406,17,,-0.304,0.139
112,Senate,29754,37,0,SD,200,0,1,"THUNE, John",T000250,1961,,0.428,0.207,-84.25807,0.81006,400,37,,0.431,0.154
112,Senate,40304,54,0,TN,200,0,1,"ALEXANDER, Lamar",A000360,1940,,0.324,-0.176,-107.43609,0.76343,398,46,,0.311,-0.217
112,Senate,40705,54,0,TN,200,0,1,"CORKER, Robert (Bob)",C001071,1952,,0.395,-0.344,-92.68433,0.79363,401,38,,0.417,-0.449
112,Senate,40305,49,0,TX,200,0,1,"CORNYN, John",C001056,1952,,0.471,-0.084,-83.68448,0.81332,405,35,,0.508,-0.156
112,Senate,49306,49,0,TX,200,0,1,"HUTCHISON, Kathryn Ann Bailey (Kay)",H001016,1943,,0.356,0.012,-104.24529,0.762,384,48,,0.353,0.096
112,Senate,14503,67,0,UT,200,0,1,"HATCH, Orrin Grant",H000338,1934,2022.0,0.382,-0.004,-130.05985,0.70228,368,54,,0.513,-0.283
112,Senate,41110,67,0,UT,200,0,1,"LEE, Mike",L000577,1971,,0.891,-0.454,-87.77185,0.80209,398,41,,0.935,-0.354
112,Senate,14307,6,0,VT,100,0,1,"LEAHY, Patrick Joseph",L000174,1940,,-0.36,-0.121,-52.89502,0.87671,402,22,,-0.434,0.156
112,Senate,29147,6,0,VT,328,0,1,"SANDERS, Bernard",S000033,1941,,-0.538,-0.392,-100.98114,0.77689,400,31,,-0.823,0.567
112,Senate,40706,40,0,VA,100,0,1,"WEBB, James H. (Jim)",W000803,1946,,-0.169,0.023,-100.69257,0.773,391,45,,-0.163,0.082
112,Senate,40909,40,0,VA,100,0,1,"WARNER, Mark",W000805,1954,,-0.204,-0.049,-68.15692,0.83966,390,27,,-0.192,-0.072
112,Senate,39310,73,0,WA,100,0,1,"CANTWELL, Maria E.",C000127,1958,,-0.305,-0.413,-72.37131,0.83746,408,30,,-0.353,-0.59
112,Senate,49308,73,0,WA,100,0,1,"MURRAY, Patty",M001111,1950,,-0.352,-0.307,-48.40132,0.88683,403,19,,-0.405,-0.479
112,Senate,14922,56,0,WV,100,0,1,"ROCKEFELLER, John Davison IV (Jay)",R000361,1937,,-0.326,0.177,-48.84087,0.879,380,21,,-0.377,-0.036
112,Senate,40915,56,0,WV,100,3,2,"MANCHIN, Joe, III",M001183,1947,,-0.06,0.409,-141.17715,0.7069,407,65,,-0.075,0.454
112,Senate,15703,25,0,WI,100,0,1,"KOHL, Herbert H.",K000305,1935,,-0.256,-0.406,-63.35858,0.852,396,27,,-0.242,-0.246
112,Senate,41111,25,0,WI,200,0,1,"JOHNSON, Ron",J000293,1955,,0.626,-0.148,-70.15259,0.84238,409,29,,0.645,-0.229
112,Senate,40707,68,0,WY,200,0,1,"BARRASSO, John A.",B001261,1952,,0.537,0.22,-83.93783,0.81071,400,30,,0.49,0.242
112,Senate,49706,68,0,WY,200,0,1,"ENZI, Michael B.",E000285,1944,2021.0,0.545,0.199,-76.35237,0.82584,399,31,,0.502,0.271
